{"val_loss": [6.669028917948405, 6.239988009134929, 6.841040261586508, 7.686105759938558, 6.607742118835449, 8.279837512969971, 6.4912719090779625, 7.4758354187011715, 7.232888158162435, 6.111873690287272, 6.265982087453207, 5.951403490702311, 4.999087079366048, 5.038201649983724, 6.263498719533285, 4.605638074874878, 5.938434664408366, 6.350362237294515, 5.7530917485555015, 5.349153010050456, 5.969705327351888, 3.5491503715515136, 5.07493953704834, 6.592086855570475, 5.301957639058431, 5.037519264221191, 4.154387172063192, 5.361591466267904, 4.339076677958171, 5.207049465179443, 5.206181303660075, 4.604189443588257, 4.899435075124105, 4.646349271138509, 4.370001490910848, 4.40106611251831, 5.272506109873453, 4.241414705912272, 4.3455554962158205, 3.543430789311727, 4.24670573870341, 4.144773292541504, 4.5872970422108965, 3.156279468536377, 4.8856459299723305, 6.214142862955729, 4.281853596369426, 3.505253299077352, 4.718129396438599, 4.173482211430867, 4.688928604125977, 4.368849531809489, 4.594769461949666, 4.749962457021078, 3.4480560143788654, 4.448630460103353, 3.0846354484558107, 3.625709597269694, 4.172247505187988, 4.9714948813120525, 4.544129991531372, 4.284995698928833, 2.9886295636494955, 3.436731783548991, 5.231652641296387, 4.221103874842326, 3.37458758354187, 4.809928719202677, 4.709945408503215, 3.6902766863505048, 4.168658208847046, 4.074279165267944, 3.939052104949951, 3.133694537480672, 3.193118604024251, 4.039541578292846, 4.289553165435791, 4.287316306432088, 3.273712158203125, 3.439055665334066, 3.39263014793396, 3.4040281772613525, 3.335324780146281, 3.216568962732951, 3.3595632712046304, 3.115814781188965, 3.2011043548583986, 3.115077273050944, 3.0843749205271402, 3.046114110946655, 3.1930816491444904, 3.2744102319081625, 3.1622254053751626, 3.34275107383728, 3.153507947921753, 3.004853868484497, 3.0633230368296305, 3.0148994445800783, 3.0801260471343994, 2.8029932022094726], "loss": [5.510118139551041, 4.620036688890863, 4.226249254420999, 4.091210664586818, 3.622026850568487, 3.5433121865300645, 3.512152446711317, 3.3289545355959143, 3.482765424027839, 3.3542860036200666, 3.4707188764785197, 3.2180146499869013, 2.963566080052802, 3.117887996612711, 3.055175361300921, 2.7987984666164887, 2.9557558849770973, 2.8580517257506344, 2.9886046946048737, 2.8870468539126377, 2.7189624239228687, 2.6918416213481984, 2.861170437107695, 2.623182365466059, 2.770815874667878, 2.5428910356886845, 2.5331496147304056, 2.5904381918780346, 2.6647130751863437, 2.671634988554681, 2.536868430832599, 2.5269303959100804, 2.547324141292725, 2.5510170735577318, 2.537044236951686, 2.5675039841086873, 2.4225192929201937, 2.461898976818044, 2.450672066563256, 2.536351051736385, 2.3972248679145856, 2.4373818038296124, 2.2674986729596522, 2.5475314259529114, 2.3489086305168296, 2.1580938357622066, 2.2294212690693267, 2.20053460674695, 2.46075110581327, 2.3233440803720598, 2.211711230929991, 2.3972729593515396, 2.173910693919405, 2.195787996133595, 2.261986894493407, 2.236172522953216, 2.0949010884154577, 2.1858557294657888, 2.1987350253348654, 2.1886363528049664, 2.069128413466697, 2.19367531512646, 2.156055927915803, 2.1244417771379998, 2.1488721364356103, 2.1220993420393794, 2.0596070790544467, 2.011380082115214, 2.0250811225287717, 2.1433624923229218, 2.307024818785647, 2.2973661013646676, 2.285527411927568, 2.1036225490747613, 2.0302315761832066, 2.094067890593346, 2.020727533609309, 2.1503505093162882, 2.076847677218153, 2.083538164800786, 1.9649358757699142, 1.9769666695848425, 1.9312713729574325, 1.8709337883916042, 1.8324604976050398, 1.876919298412952, 1.8610911781602506, 1.8309650478210855, 1.96009569155409, 1.8725523018645218, 1.936869632056419, 1.799514335520724, 1.8225869218401871, 1.7391467281478517, 1.734298254898254, 1.8810681564878202, 2.000249590328399, 1.7435078662126622, 1.8868340608581462, 1.8617350918815492], "lr": [